Date,ball1,ball2,ball3,ball4,ball5,ball6
12.01.03,35,47,54,68,71,78
12.01.05,10,11,12,24,56,71
12.01.07,7,15,60,72,77,90
12.01.10,14,22,27,28,34,66
12.01.12,20,49,53,63,73,84
12.01.14,4,12,15,37,53,83
12.01.17,9,27,32,51,53,71
12.01.19,24,41,44,56,73,90
12.01.21,12,19,33,38,62,80
12.01.24,27,32,55,68,72,75
12.01.26,13,16,22,30,52,87
12.01.28,2,17,25,50,52,84
12.01.31,16,23,28,33,43,86
12.02.02,25,37,43,50,58,60
12.02.04,1,17,30,43,67,82
12.02.07,27,30,69,75,81,83
12.02.09,43,51,54,71,73,85
12.02.11,23,30,46,64,70,86
12.02.14,12,25,41,79,86,88
12.02.16,5,21,23,41,74,84
12.02.18,8,21,39,56,74,81
12.02.21,28,29,30,39,75,87
12.02.23,20,28,56,62,63,76
12.02.25,14,30,64,75,79,89
12.02.28,25,34,43,57,67,77
12.03.01,6,14,19,26,51,53
12.03.03,16,19,31,46,69,74
12.03.06,31,42,49,51,68,79
12.03.08,23,37,47,79,80,83
12.03.10,1,8,40,54,69,81
12.03.13,15,17,53,67,75,81
12.03.15,1,13,14,34,67,83
12.03.17,12,23,54,68,84,89
12.03.20,21,39,44,49,65,87
12.03.22,6,21,37,55,84,88
12.03.24,39,45,49,66,75,80
12.03.27,9,26,27,40,51,69
12.03.29,11,45,50,54,57,62
12.03.31,11,23,38,47,57,83
12.04.03,11,34,55,63,87,89
12.04.05,10,37,44,56,60,89
12.04.07,37,46,54,55,65,87
12.04.10,9,22,41,49,52,53
12.04.12,15,25,34,54,70,88
12.04.14,5,22,24,36,85,86
12.04.17,6,28,39,46,60,78
12.04.19,12,26,27,47,63,77
12.04.21,9,11,33,69,73,82
12.04.24,24,28,54,68,78,81
12.04.26,19,61,62,65,85,89
12.04.28,6,11,34,51,59,82
12.05.02,9,22,61,67,84,85
12.05.03,8,16,25,28,57,68
12.05.05,13,14,19,57,77,79
12.05.08,13,19,35,38,52,64
12.05.10,6,16,30,53,60,71
12.05.12,10,45,58,66,83,85
12.05.15,5,38,56,76,77,89
12.05.17,14,38,41,58,65,75
12.05.19,1,23,27,33,37,85
12.05.22,1,6,31,45,58,85
12.05.24,10,29,32,43,56,90
12.05.26,3,33,51,55,73,84
12.05.29,38,39,42,49,55,81
12.05.31,12,25,66,72,75,89
12.06.04,8,16,20,23,47,56
12.06.05,15,29,38,44,67,74
12.06.07,32,58,63,70,75,81
12.06.09,31,34,52,54,78,82
12.06.12,20,30,47,69,77,83
12.06.14,3,13,39,40,49,75
12.06.16,1,9,37,69,71,83
12.06.19,52,62,65,77,87,90
12.06.21,9,24,39,48,69,75
12.06.23,2,6,26,42,55,86
12.06.26,13,30,46,48,70,88
12.06.28,6,20,25,42,57,80
12.06.30,17,20,21,39,44,89
12.07.03,2,12,17,60,63,78
12.07.05,15,59,64,65,76,79
12.07.07,15,25,26,53,74,76
12.07.10,19,32,33,66,75,78
12.07.12,40,42,54,66,77,86
12.07.14,27,38,70,75,78,82
12.07.17,8,28,35,53,57,61
12.07.19,5,36,51,55,69,79
12.07.21,22,24,49,58,72,85
12.07.24,2,45,55,77,84,88
12.07.26,11,18,30,59,76,77
12.07.28,9,17,67,68,80,81
12.07.31,29,82,83,84,87,89
12.08.02,2,8,55,66,73,83
12.08.04,12,35,47,56,74,87
12.08.07,24,50,57,62,72,77
12.08.09,19,30,32,39,47,71
12.08.11,4,11,13,42,54,75
12.08.14,19,22,23,28,41,74
12.08.16,38,39,46,74,85,89
12.08.18,3,5,11,34,43,49
12.08.21,35,42,62,67,76,78
12.08.23,5,27,36,40,46,64
12.08.25,7,38,66,67,71,88
12.08.28,15,27,30,34,75,80
12.08.30,17,20,22,40,52,62
12.09.01,6,20,31,33,63,74
12.09.04,34,42,58,60,82,83
12.09.06,16,29,39,49,59,64
12.09.08,5,13,31,42,43,73
12.09.11,8,33,42,44,48,89
12.09.13,12,26,27,46,65,77
12.09.15,21,23,32,35,36,72
12.09.18,3,10,18,25,50,68
12.09.20,10,17,50,65,75,86
12.09.22,1,28,29,68,84,85
12.09.25,21,23,33,46,61,76
12.09.27,3,8,10,31,77,79
12.09.29,6,7,33,53,64,90
12.10.02,36,52,69,71,78,84
12.10.04,21,25,47,62,79,87
12.10.06,13,40,41,56,82,87
12.10.09,6,9,37,67,83,88
12.10.11,16,34,50,58,80,90
12.10.13,14,17,38,58,60,81
12.10.16,1,20,24,27,46,60
12.10.18,7,41,56,61,68,84
12.10.20,2,5,28,36,69,81
12.10.23,45,50,65,67,78,79
12.10.25,15,23,51,52,77,90
12.10.27,15,33,34,43,49,75
12.10.30,10,32,46,61,70,75
12.11.03,1,4,8,47,74,87
12.11.05,7,14,15,17,57,66
12.11.06,18,20,22,76,82,84
12.11.08,9,31,39,44,72,81
12.11.10,1,34,46,51,60,75
12.11.13,3,20,57,62,79,84
12.11.15,12,24,53,66,74,83
12.11.17,8,10,39,60,77,84
12.11.20,9,11,29,41,67,70
12.11.22,20,25,51,59,77,88
12.11.24,12,26,34,42,48,63
12.11.27,5,13,56,65,78,82
12.11.29,1,13,17,29,54,63
12.12.01,6,20,25,45,56,60
12.12.04,19,33,35,42,49,83
12.12.06,15,18,47,70,74,89
12.12.10,11,28,38,49,66,77
12.12.11,6,8,10,11,16,61
12.12.13,9,25,48,61,73,82
12.12.15,15,26,35,39,53,59
12.12.18,22,56,60,62,79,87
12.12.20,6,19,26,27,52,65
12.12.22,24,50,53,59,80,85
12.12.24,6,22,31,37,38,51
12.12.27,28,52,57,71,81,87
12.12.29,31,39,51,84,86,89
13.01.02,10,11,43,54,61,83
13.01.03,12,14,41,51,69,90
13.01.05,3,11,38,59,67,74
13.01.08,28,32,52,74,79,80
13.01.10,1,16,22,54,73,76
13.01.12,9,12,13,30,48,86
13.01.15,12,24,40,42,70,84
13.01.17,25,34,38,69,83,86
13.01.19,1,6,23,52,58,65
13.01.22,8,51,52,60,83,88
13.01.24,15,17,47,53,64,80
13.01.26,10,12,27,39,78,84
13.01.29,6,12,18,22,25,82
13.01.31,37,42,47,49,53,63
13.02.02,9,18,39,63,64,85
13.02.05,7,13,49,71,80,88
13.02.07,4,5,55,77,80,81
13.02.09,4,11,32,51,66,81
13.02.12,6,21,41,72,73,80
13.02.14,24,32,44,60,64,76
13.02.16,6,32,35,43,53,69
13.02.19,3,34,37,55,82,90
13.02.21,4,16,35,57,69,88
13.02.23,1,11,21,50,67,75
13.02.26,20,25,51,59,84,90
13.02.28,4,24,62,66,76,84
13.03.02,16,49,59,67,71,82
13.03.05,32,34,39,52,59,61
13.03.07,26,32,42,46,78,82
13.03.09,13,22,36,64,80,84
13.03.12,7,10,22,23,41,77
13.03.14,27,35,47,57,85,89
13.03.16,19,41,43,48,73,81
13.03.19,21,39,71,76,89,90
13.03.21,9,27,47,58,62,71
13.03.23,29,42,45,58,67,86
13.03.26,15,37,46,52,64,89
13.03.28,12,27,54,68,73,76
13.03.30,17,42,52,71,74,90
13.04.02,4,12,33,52,85,87
13.04.04,3,4,31,52,66,84
13.04.06,5,8,73,84,87,88
13.04.09,25,44,45,52,68,81
13.04.11,1,47,66,67,78,90
13.04.13,26,33,43,49,61,76
13.04.16,21,30,35,36,83,89
13.04.18,27,30,35,39,49,69
13.04.20,29,33,67,75,83,86
13.04.23,1,13,37,53,62,63
13.04.27,1,2,11,56,57,75
13.04.29,2,6,53,54,68,89
13.04.30,5,35,38,75,82,86
13.05.02,19,32,33,57,65,75
13.05.04,6,31,63,74,75,85
13.05.07,19,37,54,65,67,70
13.05.09,13,16,20,21,25,65
13.05.11,10,42,48,67,83,84
13.05.14,35,41,47,74,77,85
13.05.16,3,16,22,39,49,71
13.05.18,14,20,24,36,40,81
13.05.21,6,32,48,53,54,87
13.05.23,14,22,36,53,59,66
13.05.25,6,27,34,55,62,87
13.05.28,26,35,47,66,67,80
13.05.30,29,43,61,62,77,79
13.06.01,8,21,25,54,84,85
13.06.04,3,27,34,62,81,88
13.06.06,34,36,47,64,73,78
13.06.08,5,10,31,53,56,61
13.06.11,2,21,37,39,41,64
13.06.13,1,5,6,39,41,70
13.06.15,15,19,33,35,62,68
13.06.18,8,24,32,34,65,86
13.06.20,15,24,32,52,68,71
13.06.22,2,19,25,59,84,88
13.06.25,6,16,40,61,64,82
13.06.27,12,22,27,37,52,87
13.06.29,17,22,54,69,82,88
13.07.02,3,4,18,29,64,90
13.07.04,9,41,46,47,53,77
13.07.06,4,9,24,64,74,76
13.07.09,17,36,48,55,63,70
13.07.11,14,15,34,55,59,81
13.07.13,23,49,52,65,67,76
13.07.16,22,29,57,72,85,89
13.07.18,16,19,24,37,63,85
13.07.20,2,16,20,26,31,33
13.07.23,11,14,39,63,73,75
13.07.25,33,38,41,43,46,57
13.07.27,17,19,40,43,72,84
13.07.30,16,47,55,57,70,85
13.08.01,8,21,24,25,27,75
13.08.03,15,16,34,74,85,87
13.08.06,14,16,32,35,41,50
13.08.08,2,14,42,52,75,79
13.08.10,5,33,47,61,64,70
13.08.13,1,33,41,78,83,84
13.08.17,20,21,24,43,76,89
13.08.19,3,5,11,14,38,79
13.08.20,4,11,15,26,58,68
13.08.22,19,21,30,59,61,89
13.08.24,1,2,5,27,39,49
13.08.27,6,44,63,64,72,82
13.08.29,19,54,55,71,80,84
13.08.31,11,20,50,62,70,85
13.09.03,1,7,56,70,88,90
13.09.05,15,23,45,70,81,82
13.09.07,41,55,72,78,83,87
13.09.10,35,44,57,58,87,88
13.09.12,7,44,48,51,64,83
13.09.14,20,35,45,47,72,78
13.09.17,1,21,34,44,49,90
13.09.19,15,21,28,75,81,86
13.09.21,36,61,75,81,82,89
13.09.24,1,27,33,36,43,86
13.09.26,4,38,42,57,64,75
13.09.28,28,57,61,69,78,83
13.10.01,16,21,26,64,66,78
13.10.03,7,14,42,43,56,57
13.10.05,2,5,8,65,74,77
13.10.08,1,31,39,60,62,84
13.10.10,3,7,12,20,48,55
13.10.12,10,19,20,39,85,87
13.10.15,22,36,60,64,71,80
13.10.17,11,18,40,58,81,87
13.10.19,12,30,36,44,54,60
13.10.22,2,5,34,56,72,73
13.10.24,1,3,5,41,62,76
13.10.26,24,48,50,62,63,87
13.10.29,12,23,49,53,67,83
13.10.31,13,18,26,37,46,48
13.11.02,1,12,67,75,81,90
13.11.05,4,9,10,76,78,87
13.11.07,9,19,21,50,61,82
13.11.09,10,22,39,55,81,89
13.11.12,16,26,30,52,57,83
13.11.14,23,45,54,61,69,75
13.11.16,16,36,54,55,63,69
13.11.19,14,15,39,47,53,76
13.11.21,28,37,52,57,64,66
13.11.23,6,10,19,71,72,89
13.11.26,20,25,30,45,75,79
13.11.28,31,51,55,66,73,78
13.11.30,10,11,35,42,52,89
13.12.03,12,40,42,66,73,80
13.12.05,28,34,42,68,71,88
13.12.07,2,16,42,67,75,87
13.12.10,10,16,20,57,65,89
13.12.12,10,19,32,49,53,66
13.12.14,5,33,44,46,66,76
13.12.17,12,22,27,43,60,72
13.12.19,10,23,27,39,70,82
13.12.21,2,14,17,21,22,26
13.12.23,15,43,48,54,55,76
13.12.24,10,39,45,65,74,86
13.12.28,39,52,69,70,74,82
13.12.31,25,60,62,76,82,87
14.01.02,49,55,57,64,70,77
14.01.04,19,26,30,47,69,81
14.01.07,14,47,48,58,60,69
14.01.09,15,17,24,41,70,87
14.01.11,11,37,39,52,68,90
14.01.14,4,7,25,74,82,87
14.01.16,3,18,34,37,40,47
14.01.18,14,18,38,41,74,78
14.01.21,5,23,35,54,56,62
14.01.23,3,6,12,13,19,67
14.01.25,22,34,53,59,62,88
14.01.28,9,17,27,29,59,67
14.01.30,7,21,28,45,59,90
14.02.01,3,6,41,44,48,73
14.02.04,3,12,25,33,59,85
14.02.06,9,12,14,61,79,90
14.02.08,8,16,41,52,64,74
14.02.11,12,27,38,43,65,67
14.02.13,9,11,17,20,33,75
14.02.15,18,31,62,64,72,77
14.02.18,15,36,49,62,75,82
14.02.20,14,26,47,63,78,80
14.02.22,17,19,28,34,38,82
14.02.25,26,51,52,54,70,88
14.02.27,19,32,54,59,68,86
14.03.01,7,8,47,56,79,90
14.03.04,40,46,51,61,65,76
14.03.06,15,61,66,67,76,79
14.03.08,35,45,50,51,82,87
14.03.11,49,51,53,56,58,81
14.03.13,10,28,40,57,58,78
14.03.15,1,5,22,24,41,43
14.03.18,38,39,46,58,66,83
14.03.20,15,18,28,49,51,77
14.03.22,19,22,31,38,87,89
14.03.25,28,36,42,70,74,78
14.03.27,8,12,47,64,83,88
14.03.29,12,21,57,68,86,88
14.04.01,7,56,66,72,73,90
14.04.03,40,47,59,64,79,89
14.04.05,9,31,33,37,79,86
14.04.08,11,61,64,76,82,87
14.04.10,22,25,46,52,54,65
14.04.12,14,29,34,62,65,89
14.04.15,3,26,33,44,48,49
14.04.17,11,20,51,63,68,88
14.04.19,42,45,56,75,79,90
14.04.22,14,16,21,24,62,78
14.04.24,5,7,11,67,70,85
14.04.26,3,9,13,25,42,81
14.04.29,27,33,40,52,76,86
14.05.03,15,33,45,60,72,85
14.05.05,27,44,46,50,54,69
14.05.06,1,3,4,60,70,73
14.05.08,6,9,54,70,78,79
14.05.10,8,39,40,57,69,81
14.05.13,3,5,16,54,58,68
14.05.15,20,47,56,64,66,67
14.05.17,5,31,36,68,75,90
14.05.20,10,17,41,45,69,78
14.05.22,8,23,48,56,59,78
14.05.24,3,22,38,70,77,81
14.05.27,32,37,52,53,66,83
14.05.29,27,32,33,52,73,84
14.05.31,1,6,7,10,14,56
14.06.03,3,25,26,29,48,79
14.06.05,11,31,43,70,74,80
14.06.07,12,18,39,46,56,63
14.06.10,27,29,30,42,48,73
14.06.12,13,18,19,27,50,69
14.06.14,3,31,45,48,71,76
14.06.17,21,29,43,53,66,89
14.06.19,16,19,24,36,39,81
14.06.21,14,61,69,79,81,85
14.06.24,3,22,31,42,73,88
14.06.26,8,43,61,62,70,86
14.06.28,17,20,41,42,49,81
14.07.01,31,35,48,64,65,89
14.07.03,1,13,21,25,61,63
14.07.05,15,31,38,47,55,82
14.07.08,5,8,32,43,59,85
14.07.10,3,11,18,30,51,85
14.07.12,11,20,48,52,70,74
14.07.15,5,15,17,31,32,40
14.07.17,6,11,12,28,59,79
14.07.19,29,48,49,54,75,87
14.07.22,7,32,58,60,66,69
14.07.24,4,12,13,55,73,86
14.07.26,1,10,26,28,29,62
14.07.29,32,45,56,74,87,89
14.07.31,14,19,22,66,80,90
14.08.02,29,38,54,58,72,86
14.08.05,2,19,22,41,77,89
14.08.07,10,29,50,59,79,80
14.08.09,9,10,26,53,68,72
14.08.12,11,24,34,39,68,86
14.08.14,4,12,24,61,73,75
14.08.16,31,63,64,68,69,71
14.08.19,15,30,62,63,67,74
14.08.21,4,31,52,73,76,84
14.08.23,16,45,51,58,60,71
14.08.26,1,20,44,56,59,69
14.08.28,22,39,51,78,83,84
14.08.30,23,38,43,46,60,75
14.09.02,6,20,27,31,32,36
14.09.04,31,39,41,53,67,83
14.09.06,26,33,53,61,73,82
14.09.09,12,20,26,41,70,78
14.09.11,13,14,56,58,79,82
14.09.13,7,20,25,51,65,87
14.09.16,1,15,16,23,24,52
14.09.18,11,19,37,41,62,77
14.09.20,15,36,39,50,57,76
14.09.23,6,25,42,59,78,89
14.09.25,4,45,59,77,78,79
14.09.27,1,9,12,14,58,84
14.09.30,28,33,49,55,59,76
14.10.02,3,9,42,50,56,88
14.10.04,2,6,11,62,70,71
14.10.07,7,15,17,18,26,53
14.10.09,17,20,26,41,45,89
14.10.11,6,11,28,43,56,83
14.10.14,19,21,38,45,51,69
14.10.16,6,9,24,49,78,79
14.10.18,20,40,44,53,66,72
14.10.21,18,34,41,43,46,55
14.10.23,7,21,44,53,59,64
14.10.25,8,28,44,57,85,88
14.10.28,26,30,32,36,44,61
14.10.30,22,39,45,53,74,86
14.11.03,7,9,32,35,40,48
14.11.04,13,18,23,29,58,88
14.11.06,46,58,59,82,88,90
14.11.08,21,33,69,73,81,84
14.11.11,23,27,39,41,52,64
14.11.13,2,38,47,50,55,79
14.11.15,28,42,62,64,79,80
14.11.18,38,58,65,66,72,88
14.11.20,42,45,48,56,68,83
14.11.22,22,25,55,58,82,85
14.11.25,17,36,62,67,70,87
14.11.27,13,18,26,53,54,70
14.11.29,3,14,35,63,73,80
14.12.02,9,25,35,59,76,81
14.12.04,7,52,57,65,83,85
14.12.06,10,11,21,54,73,82
14.12.09,2,23,35,46,47,63
14.12.11,20,22,24,25,48,79
14.12.13,12,13,19,37,64,70
14.12.16,15,35,45,69,82,84
14.12.18,19,28,48,52,82,89
14.12.20,1,13,24,26,29,77
14.12.23,18,22,55,58,62,89
14.12.24,33,46,53,58,73,85
14.12.27,15,25,31,39,82,88
14.12.30,5,24,51,76,77,79
15.01.03,14,26,31,40,58,68
15.01.05,16,37,48,68,84,90
15.01.07,9,16,19,26,28,46
15.01.08,6,9,29,41,50,90
15.01.10,2,13,22,37,48,90
15.01.13,9,10,36,67,76,83
15.01.15,2,5,7,12,23,42
15.01.17,18,22,31,54,71,80
15.01.20,2,11,15,39,84,87
15.01.22,11,12,44,57,77,89
15.01.24,22,23,24,59,63,81
15.01.27,5,10,47,59,66,73
15.01.29,27,29,58,64,67,80
15.01.31,8,44,54,58,59,86
15.02.03,12,29,43,56,60,75
15.02.05,7,8,10,45,49,53
15.02.07,24,27,38,40,56,81
15.02.10,30,59,72,74,77,78
15.02.12,25,32,44,56,77,87
15.02.14,13,31,32,57,60,79
15.02.17,20,27,40,60,61,66
15.02.19,23,35,44,49,66,84
15.02.21,5,16,33,48,57,87
15.02.24,6,29,56,72,82,83
15.02.26,17,41,44,57,73,86
15.02.28,5,10,34,48,56,87
15.03.03,16,26,48,61,63,87
15.03.05,35,44,62,74,82,90
15.03.07,26,36,56,68,73,81
15.03.10,9,19,68,70,71,81
15.03.12,7,36,38,63,73,90
15.03.14,28,30,39,46,68,89
15.03.17,10,13,21,36,66,69
15.03.19,5,7,20,38,57,85
15.03.21,4,7,9,19,55,58
15.03.24,8,17,29,32,65,90
15.03.26,10,21,40,46,79,84
15.03.28,5,22,60,71,74,81
15.03.31,3,15,23,33,46,78
15.04.02,33,36,61,66,83,85
15.04.04,11,38,44,48,56,83
15.04.07,4,18,20,68,72,77
15.04.09,7,25,30,44,47,68
15.04.11,26,54,55,73,86,90
15.04.14,36,45,56,79,81,90
15.04.16,37,38,43,69,79,86
15.04.18,10,11,18,36,47,85
15.04.21,4,17,52,59,67,84
15.04.23,8,13,27,34,47,83
15.04.27,8,26,39,56,78,85
15.04.28,10,41,59,61,65,71
15.04.30,18,28,31,33,55,78
15.05.02,6,34,45,46,59,73
15.05.05,7,31,33,78,86,87
15.05.07,12,32,43,46,58,77
15.05.09,31,40,52,55,62,76
15.05.12,10,19,48,78,85,90
15.05.14,19,25,42,51,55,56
15.05.16,3,32,39,65,75,76
15.05.19,6,20,43,44,46,67
15.05.21,17,21,23,51,65,87
15.05.23,4,24,29,31,39,71
15.05.26,6,9,21,69,77,78
15.05.28,6,33,57,61,80,83
15.05.30,13,33,39,56,65,86
15.06.03,3,28,37,42,67,86
15.06.04,14,17,23,45,87,88
15.06.06,16,24,34,40,41,57
15.06.09,15,21,58,80,82,86
15.06.11,26,48,52,61,75,79
15.06.13,19,35,36,38,45,80
15.06.16,6,28,55,57,78,83
15.06.18,18,21,28,62,84,90
15.06.20,6,11,21,65,66,85
15.06.23,20,24,26,33,42,80
15.06.25,18,46,63,68,73,79
15.06.27,17,22,45,48,53,61
15.06.30,4,11,16,25,34,59
15.07.02,8,17,30,61,78,88
15.07.04,8,30,38,51,62,66
15.07.07,19,25,31,78,83,88
15.07.09,8,54,59,66,86,89
15.07.11,8,30,34,39,42,58
15.07.14,12,17,32,47,74,86
15.07.16,22,27,29,49,69,87
15.07.18,22,42,47,62,70,72
15.07.21,1,21,63,70,79,84
15.07.23,33,41,44,48,68,75
15.07.25,2,20,21,40,45,65
15.07.28,4,26,34,66,67,81
15.07.30,13,18,25,26,35,61
15.08.01,2,26,34,58,80,81
15.08.04,34,53,77,78,83,89
15.08.06,2,27,36,39,53,79
15.08.08,3,7,17,26,55,72
15.08.11,17,25,32,42,71,85
15.08.13,4,17,34,41,66,78
15.08.17,1,4,50,70,71,76
15.08.18,20,30,45,50,76,86
15.08.20,4,14,31,68,70,74
15.08.22,6,7,9,14,17,35
15.08.25,3,18,19,65,81,88
15.08.27,2,4,12,40,50,80
15.08.29,7,28,44,55,57,78
15.09.01,13,30,38,48,50,77
15.09.03,13,18,19,49,78,87
15.09.05,24,30,36,42,71,86
15.09.08,41,50,54,60,75,88
15.09.10,10,14,15,34,75,88
15.09.12,11,24,46,48,68,82
15.09.15,9,17,20,32,35,56
15.09.17,8,9,42,71,78,79
15.09.19,9,32,40,49,52,60
15.09.22,10,26,50,55,62,81
15.09.24,1,32,36,61,78,80
15.09.26,1,37,69,74,77,89
15.09.29,17,25,41,45,57,82
15.10.01,2,17,21,49,69,74
15.10.03,2,4,14,31,43,61
15.10.06,8,11,17,27,62,84
15.10.08,23,32,33,55,84,90
15.10.10,32,41,45,47,78,90
15.10.13,35,36,63,71,75,89
15.10.15,7,9,16,24,32,40
15.10.17,4,6,61,63,65,72
15.10.20,18,34,58,60,64,88
15.10.22,1,6,32,50,51,81
15.10.24,9,14,33,38,46,87
15.10.27,14,15,48,50,74,83
15.10.29,4,16,40,57,71,84
15.10.31,6,25,26,52,86,88
15.11.03,30,41,47,71,79,86
15.11.05,17,21,29,33,43,62
15.11.07,2,19,22,46,51,54
15.11.10,8,31,33,38,66,77
15.11.12,19,22,31,41,54,87
15.11.14,19,56,73,84,85,86
15.11.17,27,29,39,54,59,74
15.11.19,25,28,44,52,87,89
15.11.21,13,25,33,53,75,83
15.11.24,52,54,70,80,82,84
15.11.26,12,36,45,67,77,88
15.11.28,20,23,28,51,65,81
15.12.01,31,39,55,58,85,87
15.12.03,38,46,53,65,77,84
15.12.05,1,28,34,42,49,77
15.12.09,21,54,62,63,82,83
15.12.10,1,19,20,56,60,83
15.12.12,18,20,46,47,55,66
15.12.15,5,30,36,63,84,85
15.12.17,11,44,56,81,83,87
15.12.19,7,22,46,50,55,73
15.12.22,18,22,23,57,60,69
15.12.24,6,8,24,28,36,63
15.12.28,5,38,48,52,81,88
15.12.29,15,20,57,72,76,89
15.12.31,15,26,29,77,81,90
16.01.02,1,17,39,41,56,65
16.01.05,7,20,40,56,60,90
16.01.07,10,38,61,62,74,86
16.01.09,20,26,36,50,51,74
16.01.12,3,9,28,42,50,79
16.01.14,5,8,17,41,46,87
16.01.16,11,17,48,52,70,90
16.01.19,13,18,35,43,51,66
16.01.21,2,12,32,57,61,81
16.01.23,4,5,8,14,32,49
16.01.26,24,45,50,60,63,87
16.01.28,2,6,15,39,80,83
16.01.30,13,24,51,68,77,81
16.02.02,19,38,40,56,65,80
16.02.04,7,21,31,39,46,69
16.02.06,10,24,36,63,77,89
16.02.09,11,26,46,56,58,78
16.02.11,17,27,45,53,71,74
16.02.13,2,30,49,66,74,80
16.02.16,2,10,27,34,38,40
16.02.18,12,26,30,51,57,89
16.02.20,29,32,33,49,54,85
16.02.23,2,14,58,74,80,82
16.02.25,14,33,52,67,71,81
16.02.27,19,22,28,48,49,85
16.03.01,15,20,25,30,45,55
16.03.03,8,16,29,49,56,62
16.03.05,6,8,68,77,80,86
16.03.08,8,27,32,51,52,89
16.03.10,9,16,18,22,65,71
16.03.12,29,37,52,67,80,82
16.03.15,2,4,17,19,38,56
16.03.17,1,12,65,67,76,86
16.03.19,18,41,51,56,72,76
16.03.22,17,31,32,43,59,71
16.03.24,14,24,26,57,67,89
16.03.26,28,43,67,68,72,79
16.03.29,29,55,65,71,73,77
16.03.31,17,28,63,78,84,88
16.04.02,2,24,65,75,81,88
16.04.05,12,23,28,32,42,85
16.04.07,38,42,45,59,66,87
16.04.09,2,5,12,33,54,59
16.04.12,34,50,55,72,79,89
16.04.14,1,2,6,42,67,83
16.04.16,8,12,23,58,86,89
16.04.19,14,30,61,86,88,90
16.04.21,1,15,30,50,54,62
16.04.23,10,11,15,33,79,83
16.04.26,38,49,51,59,77,90
16.04.28,10,11,24,30,48,63
16.04.30,22,38,47,51,61,85
16.05.03,14,29,58,72,75,85
16.05.05,7,20,25,32,75,90
16.05.07,3,32,34,36,82,87
16.05.10,25,26,49,54,55,66
16.05.12,10,25,52,54,59,84
16.05.14,11,19,56,72,73,75
16.05.17,1,10,19,44,68,74
16.05.19,15,39,54,62,71,74
16.05.21,9,11,20,35,66,68
16.05.24,14,16,45,47,48,86
16.05.26,1,32,34,58,64,86
16.05.28,3,5,12,17,44,51
16.05.31,8,18,33,41,62,71
16.06.04,8,10,18,64,85,87
16.06.06,3,54,56,57,75,90
16.06.07,24,29,45,63,65,70
16.06.09,9,14,61,76,80,83
16.06.11,27,30,34,40,52,68
16.06.14,25,31,33,42,58,86
16.06.16,18,19,29,47,59,68
16.06.18,24,25,45,51,52,63
16.06.21,4,30,31,45,49,85
16.06.23,17,18,25,43,66,87
16.06.25,11,14,44,54,85,87
16.06.28,5,23,44,59,60,83
16.06.30,30,31,32,34,50,51
16.07.02,8,9,22,43,50,56
16.07.05,22,26,43,50,59,65
16.07.07,1,4,32,59,70,86
16.07.09,12,34,44,45,53,68
16.07.12,1,41,59,63,81,85
16.07.14,38,56,61,67,72,82
16.07.16,26,37,43,67,75,78
16.07.19,4,10,28,29,48,52
16.07.21,19,27,35,56,60,89
16.07.23,1,30,42,61,76,88
16.07.26,4,13,15,18,72,76
16.07.28,29,37,38,61,63,85
16.07.30,15,22,26,45,48,82
16.08.02,34,54,57,84,89,90
16.08.04,25,37,40,61,65,77
16.08.06,23,34,58,61,71,77
16.08.09,12,27,34,76,77,85
16.08.11,31,65,78,85,89,90
16.08.13,2,25,43,72,87,89
16.08.16,9,12,18,63,64,73
16.08.18,8,39,59,65,82,83
16.08.20,10,29,35,44,49,65
16.08.23,4,28,48,67,68,84
16.08.25,16,28,40,43,57,61
16.08.27,1,32,37,54,66,81
16.08.30,6,9,17,47,66,86
16.09.01,4,18,43,60,69,85
16.09.03,4,29,35,46,82,85
16.09.06,7,30,34,61,84,88
16.09.08,6,12,47,51,60,79
16.09.10,9,13,16,49,64,65
16.09.13,9,22,48,66,68,83
16.09.15,14,18,30,48,53,86
16.09.17,2,4,10,59,68,88
16.09.20,45,46,48,52,77,78
16.09.22,4,11,34,49,55,83
16.09.24,3,16,22,31,45,56
16.09.27,36,41,55,81,83,85
16.09.29,11,40,41,44,67,70
16.10.01,18,19,57,74,80,82
16.10.04,47,49,67,80,84,85
16.10.06,2,12,26,52,59,80
16.10.08,18,25,37,47,62,87
16.10.11,11,12,17,53,71,76
16.10.13,4,34,39,60,61,77
16.10.15,4,7,36,72,78,81
16.10.18,24,44,48,61,73,87
16.10.20,2,43,65,66,67,90
16.10.22,1,6,45,48,64,78
16.10.25,4,40,54,65,83,85
16.10.27,3,12,23,71,76,83
16.10.29,1,7,13,17,40,49
16.10.31,3,14,18,25,47,75
16.11.03,21,35,56,66,68,79
16.11.05,21,22,26,35,47,85
16.11.08,31,32,60,75,81,84
16.11.10,26,41,50,55,69,86
16.11.12,9,12,20,22,75,90
16.11.15,9,18,25,31,78,81
16.11.17,2,20,23,41,44,59
16.11.19,28,29,37,43,51,78
16.11.22,8,21,44,77,80,86
16.11.24,53,68,75,79,82,84
16.11.26,41,42,44,47,68,69
16.11.29,5,24,35,49,62,77
16.12.01,11,20,31,56,63,72
16.12.03,2,10,15,26,68,71
16.12.06,24,51,56,64,65,73
16.12.10,54,65,66,68,70,85
16.12.12,6,39,52,65,68,86
16.12.13,17,21,35,48,60,76
16.12.15,9,30,31,53,67,86
16.12.17,7,15,31,39,41,45
16.12.20,10,11,29,47,58,73
16.12.22,14,23,24,44,77,86
16.12.24,1,19,21,32,48,86
16.12.27,13,25,30,57,58,64
16.12.29,31,33,38,58,76,85
16.12.31,12,14,18,22,28,33
17.01.03,9,12,27,32,45,77
17.01.05,1,7,21,27,39,78
17.01.07,2,8,62,79,81,88
17.01.10,1,9,22,25,58,84
17.01.12,14,16,30,34,52,73
17.01.14,12,17,24,45,67,84
17.01.17,16,44,49,57,60,81
17.01.19,32,51,74,79,80,81
17.01.21,6,55,63,68,76,80
17.01.24,63,67,74,77,83,85
17.01.26,43,48,49,51,60,75
17.01.28,9,13,15,51,73,74
17.01.31,14,15,16,43,49,77
17.02.02,11,27,56,57,64,66
17.02.04,13,18,34,51,62,81
17.02.07,2,21,38,74,79,83
17.02.09,18,25,35,38,45,75
17.02.11,6,9,11,32,63,83
17.02.14,9,14,19,35,48,65
17.02.16,13,17,26,33,60,78
17.02.18,7,13,24,36,37,86
17.02.21,4,22,36,60,66,90
17.02.23,9,11,21,37,86,90
17.02.25,11,17,40,69,84,85
17.02.28,19,22,44,45,71,76
17.03.02,34,37,52,58,65,89
17.03.04,2,11,26,51,64,87
17.03.07,8,19,28,33,71,89
17.03.09,4,17,39,40,50,58
17.03.11,3,6,46,48,63,76
17.03.14,16,21,53,74,79,80
17.03.16,16,21,31,62,69,85
17.03.18,14,41,60,74,79,80
17.03.21,32,35,58,63,76,79
17.03.23,25,39,48,74,86,89
17.03.25,3,50,60,64,85,86
17.03.28,3,6,20,54,72,90
17.03.30,5,16,40,70,74,76
17.04.01,8,46,68,70,76,86
17.04.04,3,16,29,34,37,57
17.04.06,15,16,21,24,53,89
17.04.08,4,6,27,76,80,86
17.04.11,5,57,59,69,81,86
17.04.13,16,24,56,69,85,87
17.04.15,6,20,35,36,55,59
17.04.18,18,29,52,74,76,88
17.04.20,3,14,52,67,72,82
17.04.22,1,4,9,10,36,79
17.04.24,8,17,28,35,74,82
17.04.27,8,27,54,62,82,83
17.04.29,8,14,25,41,79,84
17.05.02,28,43,59,60,78,80
17.05.04,15,20,33,39,65,75
17.05.06,57,60,73,77,82,86
17.05.09,3,25,63,70,75,78
17.05.11,19,37,45,51,82,83
17.05.13,4,15,21,22,44,77
17.05.16,29,38,75,79,80,90
17.05.18,1,19,47,61,70,87
17.05.20,6,37,46,53,73,78
17.05.23,10,18,23,34,61,75
17.05.25,10,33,40,42,46,77
17.05.27,16,34,57,64,65,78
17.05.30,21,26,35,59,66,70
17.06.01,7,15,27,37,56,58
17.06.03,2,22,36,77,83,90
17.06.06,7,12,26,46,56,70
17.06.08,11,28,32,48,54,59
17.06.10,19,54,56,57,67,69
17.06.13,41,50,69,71,77,81
17.06.15,6,24,28,32,78,83
17.06.17,45,48,71,75,80,83
17.06.20,38,46,54,76,82,86
17.06.22,9,18,24,42,59,71
17.06.24,2,18,20,23,30,75
17.06.27,9,14,62,64,78,82
17.06.29,16,19,38,40,58,79
17.07.01,15,20,45,59,81,85
17.07.04,21,37,58,75,81,85
17.07.06,36,37,46,48,51,74
17.07.08,6,8,32,54,80,82
17.07.11,6,12,38,42,49,83
17.07.13,2,11,26,62,74,78
17.07.15,27,37,44,47,73,86
17.07.18,17,34,42,47,75,85
17.07.20,22,32,45,60,61,80
17.07.22,6,22,26,33,51,88
17.07.25,4,29,30,47,52,59
17.07.27,5,15,52,60,77,84
17.07.29,5,11,58,75,78,81
17.08.01,1,8,28,54,82,90
17.08.03,20,25,39,49,69,71
17.08.05,14,19,50,69,75,90
17.08.08,17,24,33,41,63,66
17.08.10,3,5,24,41,48,80
17.08.12,6,17,32,40,44,67
17.08.14,34,44,46,47,64,88
17.08.17,22,28,46,52,69,86
17.08.19,18,29,34,47,48,60
17.08.22,34,46,50,52,67,86
17.08.24,40,45,54,72,85,88
17.08.26,28,29,36,54,55,68
17.08.29,21,23,54,73,84,88
17.08.31,5,29,32,33,72,89
17.09.02,2,49,57,60,71,77
17.09.05,7,12,66,68,73,76
17.09.07,11,29,64,68,70,85
17.09.09,29,39,49,56,83,85
17.09.12,7,10,25,26,37,68
17.09.14,18,25,29,30,33,69
17.09.16,22,35,36,55,63,86
17.09.19,38,45,46,55,65,73
17.09.21,13,16,27,48,67,77
17.09.23,8,46,48,69,72,81
17.09.26,13,18,19,46,58,60
17.09.28,6,15,39,68,80,89
17.09.30,7,12,21,22,39,90
17.10.03,6,21,38,48,79,90
17.10.05,14,33,48,61,65,80
17.10.07,14,17,35,37,55,83
17.10.10,4,26,52,65,66,72
17.10.12,9,16,19,35,41,59
17.10.14,2,13,50,75,85,90
17.10.17,10,17,30,55,62,78
17.10.19,16,17,58,66,71,72
17.10.21,21,22,31,32,33,81
17.10.24,6,45,47,61,74,80
17.10.26,14,38,43,57,65,72
17.10.28,7,11,17,28,32,79
17.10.31,19,24,35,69,80,89
17.11.02,11,31,46,48,65,68
17.11.04,6,7,8,38,45,78
17.11.07,2,6,34,69,77,86
17.11.09,8,12,41,42,46,51
17.11.11,16,31,33,51,75,80
17.11.14,1,11,40,45,46,57
17.11.16,2,12,16,26,51,73
17.11.18,3,16,24,27,44,88
17.11.21,32,40,41,47,56,72
17.11.23,14,38,40,51,53,64
17.11.25,16,20,22,42,54,62
17.11.28,27,28,48,61,87,88
17.11.30,5,17,19,33,43,63
17.12.02,4,12,25,27,35,69
17.12.05,10,34,45,63,81,83
17.12.07,14,15,65,68,82,85
17.12.09,21,24,48,51,60,82
17.12.12,2,30,44,52,58,69
17.12.14,25,33,39,59,72,74
17.12.16,3,7,53,65,66,73
17.12.18,24,55,71,73,85,90
17.12.19,22,39,43,65,77,89
17.12.21,12,25,50,59,67,88
17.12.23,35,39,48,71,88,89
17.12.28,10,28,33,43,50,80
17.12.30,6,17,23,46,52,53
18.01.02,1,19,26,44,61,89
18.01.04,5,19,28,43,58,82
18.01.08,15,18,24,33,48,64
18.01.09,8,69,70,84,88,90
18.01.11,3,25,28,37,71,82
18.01.13,2,10,41,49,56,71
18.01.16,9,29,51,53,74,76
18.01.18,29,43,46,50,85,86
18.01.20,27,48,50,74,76,84
18.01.23,2,5,24,32,47,62
18.01.25,15,38,48,52,66,71
18.01.27,5,24,68,72,78,85
18.01.30,22,39,47,49,77,89
18.02.01,20,45,51,63,85,89
18.02.03,1,8,19,28,34,87
18.02.06,4,8,16,35,36,74
18.02.08,24,25,30,43,47,90
18.02.10,7,31,35,57,88,89
18.02.13,3,11,38,53,70,71
18.02.15,5,17,34,40,78,82
18.02.17,5,17,37,40,55,79
18.02.20,17,25,52,55,67,75
18.02.22,9,40,45,70,76,81
18.02.24,10,44,48,62,68,83
18.02.27,48,56,66,83,86,89
18.03.01,9,23,57,72,77,82
18.03.03,2,19,62,74,81,83
18.03.06,12,36,45,46,67,75
18.03.08,22,50,52,65,66,89
18.03.10,11,15,42,64,82,84
18.03.13,19,33,42,65,78,85
18.03.15,2,13,17,31,45,69
18.03.17,7,35,52,85,88,90
18.03.20,9,20,33,43,44,48
18.03.22,20,23,29,37,39,72
18.03.24,2,24,42,62,66,81
18.03.27,10,16,35,63,73,83
18.03.29,11,15,32,35,52,56
18.03.31,1,6,7,9,45,79
18.04.03,30,45,47,49,71,90
18.04.05,7,27,55,63,73,77
18.04.07,3,20,47,55,81,83
18.04.10,27,35,46,68,72,82
18.04.12,8,28,34,38,47,54
18.04.14,1,10,31,44,58,80
18.04.17,12,23,39,54,72,73
18.04.19,5,17,20,44,62,80
18.04.21,11,43,68,72,79,85
18.04.24,31,41,44,67,75,82
18.04.26,44,52,64,66,67,71
18.04.28,2,25,41,42,74,87
18.04.30,6,10,26,47,60,75
18.05.03,9,19,31,39,77,82
18.05.05,6,14,19,59,79,81
18.05.08,17,18,41,57,58,75
18.05.10,41,62,77,79,81,84
18.05.12,29,49,50,56,64,78
18.05.15,3,10,38,52,65,71
18.05.17,16,33,34,74,79,80
18.05.19,40,51,55,56,74,81
18.05.22,12,13,19,37,62,72
18.05.24,1,27,31,58,83,87
18.05.26,20,27,32,55,69,90
18.05.29,19,28,42,49,68,83
18.05.31,9,57,64,66,69,86
18.06.04,45,56,66,74,77,88
18.06.05,6,10,11,21,71,75
18.06.07,33,39,47,64,67,76
18.06.09,13,32,41,51,61,86
18.06.12,1,12,31,33,44,50
18.06.14,5,37,51,65,79,81
18.06.16,2,9,15,22,47,65
18.06.19,1,7,25,40,68,75
18.06.21,6,11,37,42,58,62
18.06.23,4,17,29,55,67,70
18.06.26,2,6,37,39,51,86
18.06.28,28,36,55,76,81,89
18.06.30,9,13,23,32,45,54
18.07.03,28,33,38,41,66,72
18.07.05,11,19,27,41,61,83
18.07.07,3,51,55,64,77,79
18.07.10,27,41,50,60,63,81
18.07.12,3,13,18,24,74,89
18.07.14,2,9,14,19,27,77
18.07.17,30,35,44,60,72,76
18.07.19,11,38,47,71,76,77
18.07.21,22,36,38,56,59,67
18.07.24,7,29,37,43,72,79
18.07.26,21,34,53,72,80,84
18.07.28,10,19,47,67,68,75
18.07.31,23,32,49,53,61,85
18.08.02,5,6,41,44,65,74
18.08.04,23,39,53,56,64,84
18.08.07,11,18,21,23,55,66
18.08.09,31,32,46,54,73,90
18.08.11,14,57,73,79,82,84
18.08.14,21,43,45,57,67,83
18.08.16,2,10,12,21,22,50
18.08.18,7,14,27,66,70,81
18.08.21,2,16,30,39,51,79
18.08.23,14,23,32,34,40,80
18.08.25,42,44,54,68,69,81
18.08.28,1,26,39,43,73,89
18.08.30,16,28,29,55,63,69
18.09.01,1,4,19,23,55,68
18.09.04,18,25,47,51,70,83
18.09.06,2,23,34,52,76,87
18.09.08,7,25,32,39,59,86
18.09.11,59,61,63,65,71,84
18.09.13,16,23,29,49,57,76
18.09.15,3,26,34,61,84,87
18.09.18,2,24,31,42,47,55
18.09.20,15,18,56,67,72,74
18.09.22,12,16,29,45,82,85
18.09.25,17,24,57,64,70,89
18.09.27,21,37,46,56,65,77
18.09.29,34,54,77,80,81,87
18.10.02,3,7,18,47,64,82
18.10.04,15,30,72,79,86,90
18.10.06,27,28,33,75,77,78
18.10.09,10,36,49,53,77,85
18.10.11,20,23,39,50,62,68
18.10.13,14,36,39,46,55,59
18.10.16,8,13,25,50,65,72
18.10.18,16,23,50,73,80,88
18.10.20,4,14,27,38,89,90
18.10.23,6,30,49,56,64,81
18.10.25,10,21,24,26,29,89
18.10.27,3,12,35,51,59,80
18.10.30,38,40,43,59,67,72
18.11.03,23,35,40,79,86,87
18.11.05,8,36,39,40,48,50
18.11.06,4,16,24,42,51,84
18.11.08,11,15,20,27,45,59
18.11.10,9,15,20,46,50,84
18.11.13,7,15,22,31,46,50
18.11.15,6,12,34,36,40,66
18.11.17,3,5,38,53,54,82
18.11.20,3,9,43,48,61,83
18.11.22,15,24,28,34,56,73
18.11.24,30,38,63,68,77,80
18.11.27,6,12,15,30,31,89
18.11.29,6,22,27,36,62,76
18.12.01,7,16,33,54,80,84
18.12.04,6,31,37,47,71,78
18.12.06,10,30,44,45,47,49
18.12.10,7,37,52,73,87,88
18.12.11,6,17,32,38,47,90
18.12.13,7,9,12,21,30,41
18.12.15,5,23,36,42,47,79
18.12.18,39,61,68,69,70,86
18.12.20,11,49,58,71,76,89
18.12.22,4,14,16,51,64,88
18.12.24,12,19,36,42,77,87
18.12.27,36,43,44,49,78,82
18.12.29,24,37,46,49,62,71
19.01.03,1,35,52,56,64,70
19.01.05,46,52,55,68,76,89
19.01.07,3,8,28,45,55,58
19.01.08,23,34,38,54,57,87
19.01.10,2,39,66,76,86,87
19.01.12,16,33,36,62,73,88
19.01.15,8,43,51,56,57,87
19.01.17,21,26,33,35,63,89
19.01.19,1,15,45,48,60,80
19.01.22,3,22,79,82,83,88
19.01.24,3,19,40,49,60,82
19.01.26,17,19,62,72,78,82
19.01.29,6,11,29,65,87,90
19.01.31,4,21,59,63,65,83
19.02.02,37,42,52,80,86,88
19.02.05,11,21,34,46,50,86
19.02.07,9,26,27,49,54,76
19.02.09,5,26,43,52,63,90
19.02.12,14,28,64,69,84,90
19.02.14,4,30,47,76,78,83
19.02.16,10,17,42,59,61,80
19.02.19,15,16,32,63,67,70
19.02.21,11,16,43,59,87,90
19.02.23,5,31,47,60,68,88
19.02.26,13,25,27,52,66,75
19.02.28,2,11,50,55,79,85
19.03.02,19,34,37,40,66,69
19.03.05,3,6,16,36,56,82
19.03.07,8,42,51,62,80,84
19.03.09,9,15,51,70,78,86
19.03.12,13,37,58,66,67,88
19.03.14,27,28,42,63,78,86
19.03.16,49,61,63,77,87,88
19.03.19,12,15,38,43,56,85
19.03.21,27,32,52,59,69,90
19.03.23,21,32,43,63,83,90
19.03.26,14,27,45,47,52,84
19.03.28,43,53,58,68,83,90
19.03.30,1,10,20,28,47,55
19.04.02,19,25,30,32,37,60
19.04.04,7,29,38,49,66,70
19.04.06,41,54,85,87,88,89
19.04.09,1,13,28,33,37,65
19.04.11,5,10,52,60,85,88
19.04.13,16,22,30,40,51,77
19.04.16,15,55,58,62,82,90
19.04.18,7,10,46,47,73,89
19.04.20,5,18,76,87,88,89
19.04.23,19,20,32,51,63,79
19.04.27,6,17,18,42,64,71
19.04.29,8,22,61,65,69,74
19.04.30,13,29,31,51,55,72
19.05.02,1,28,57,75,82,83
19.05.04,4,15,41,52,76,85
19.05.07,5,8,21,49,66,90
19.05.09,3,17,26,38,54,82
19.05.11,9,20,47,58,65,78
19.05.14,37,59,69,75,89,90
19.05.16,11,25,37,67,75,85
19.05.18,31,33,44,57,62,65
19.05.21,20,38,76,82,84,87
19.05.23,2,8,15,32,72,79
19.05.25,33,51,53,59,66,68
19.05.28,8,30,33,58,84,89
19.05.30,16,33,59,65,69,73
19.06.01,17,19,24,46,48,72
19.06.04,15,49,63,79,85,86
19.06.06,2,15,47,54,78,79
19.06.08,15,16,54,64,66,72
19.06.11,16,25,36,46,48,58
19.06.13,11,22,23,26,32,77
19.06.15,4,23,43,47,74,82
19.06.18,13,23,63,67,68,81
19.06.20,25,26,35,42,65,76
19.06.22,35,39,41,69,70,74
19.06.25,14,43,61,62,75,85
19.06.27,33,34,37,50,68,82
19.06.29,6,22,33,45,60,81
19.07.02,13,18,37,48,63,67
19.07.04,40,42,57,64,80,86
19.07.06,6,12,22,25,29,62
19.07.09,1,20,26,54,59,74
19.07.11,15,26,32,48,66,84
19.07.13,3,13,15,36,42,90
19.07.16,30,47,48,60,67,90
19.07.18,12,22,37,40,51,68
19.07.20,2,23,29,51,79,84
19.07.23,18,32,34,55,74,79
19.07.25,7,20,28,36,55,69
19.07.27,13,33,40,61,78,80
19.07.30,6,8,16,42,84,87
19.08.01,20,30,37,52,82,83
19.08.03,6,16,21,27,33,66
19.08.06,20,22,27,43,46,72
19.08.08,6,10,24,63,66,89
19.08.10,10,15,42,57,68,80
19.08.13,7,32,41,59,75,76
19.08.17,8,13,31,37,39,46
19.08.19,17,28,57,66,67,71
19.08.20,20,35,40,41,79,88
19.08.22,1,12,24,42,65,67
19.08.24,20,36,40,42,63,86
19.08.27,4,15,34,37,47,73
19.08.29,21,37,45,53,83,84
19.08.31,31,35,52,59,60,75
19.09.03,18,29,39,58,59,76
19.09.05,7,26,31,34,52,54
19.09.07,9,29,43,66,70,84
19.09.10,15,16,21,49,50,83
19.09.12,12,17,20,62,80,88
19.09.14,1,7,10,40,52,59
19.09.17,9,18,26,43,60,79
19.09.19,38,50,53,56,65,76
19.09.21,31,36,44,47,50,56
19.09.24,7,45,55,60,81,89
19.09.26,17,20,42,44,83,90
19.09.28,37,49,66,75,77,82
19.10.01,11,59,63,73,84,89
19.10.03,4,5,31,35,46,80
19.10.05,20,38,52,58,68,72
19.10.08,25,35,47,70,79,87
19.10.10,9,12,29,42,65,75
19.10.12,5,33,40,45,79,90
19.10.15,5,38,45,54,59,65
19.10.17,10,29,33,55,65,72
19.10.19,15,30,75,76,77,79
19.10.22,9,28,40,77,79,81
19.10.24,18,51,53,57,82,87
19.10.26,8,12,13,14,51,83
19.10.29,21,32,47,61,67,68
19.10.31,35,41,53,60,65,80
19.11.02,10,19,30,68,78,80
19.11.05,32,56,64,65,87,90
19.11.07,4,9,37,48,49,77
19.11.09,1,21,43,51,81,88
19.11.12,14,15,51,55,61,73
19.11.14,33,52,57,72,76,81
19.11.16,7,29,31,58,65,86
19.11.19,19,26,56,74,77,82
19.11.21,23,29,35,50,57,60
19.11.23,12,29,52,61,72,79
19.11.26,21,22,35,63,76,79
19.11.28,7,16,17,50,52,74
19.11.30,2,21,47,52,66,77
19.12.03,4,5,8,22,48,83
19.12.05,16,25,52,59,64,74
19.12.07,11,21,44,67,77,80
19.12.10,11,37,40,42,58,82
19.12.12,11,25,39,48,51,71
19.12.14,8,10,43,52,60,83
19.12.17,4,8,37,44,86,88
19.12.19,3,14,25,43,74,80
19.12.21,9,28,36,50,66,90
19.12.23,17,30,45,56,87,89
19.12.24,44,48,55,67,82,90
19.12.28,3,8,16,28,42,65
19.12.31,3,32,36,43,62,80
20.01.02,5,45,63,64,78,85
20.01.04,23,30,37,44,57,80
20.01.07,2,23,60,66,72,78
20.01.09,5,14,54,55,66,78
20.01.11,34,36,38,63,72,81
20.01.14,1,6,9,32,68,85
20.01.16,22,29,50,53,72,83
20.01.18,26,28,32,50,79,87
20.01.21,6,32,46,53,70,75
20.01.23,15,20,23,69,72,81
20.01.25,11,16,17,35,68,90
20.01.28,16,21,33,50,57,89
20.01.30,8,46,53,62,77,84
20.02.01,22,25,45,46,48,88
20.02.04,21,29,34,64,72,79
20.02.06,3,20,29,49,65,82
20.02.08,15,32,54,56,61,85
20.02.11,16,24,45,68,72,81
20.02.13,4,15,43,69,74,84
20.02.15,13,26,40,55,65,86
20.02.18,26,45,58,69,72,82
20.02.20,20,36,55,69,80,85
20.02.22,1,28,57,58,60,68
20.02.25,10,15,23,54,73,74
20.02.27,17,51,60,71,75,79
20.02.29,9,35,44,50,73,78
20.03.03,5,11,19,26,36,64
20.03.05,13,40,48,67,69,85
20.03.07,11,13,31,41,85,87
20.03.10,8,35,41,43,57,80
20.03.12,19,22,41,46,56,86
20.03.14,1,13,18,47,68,75
20.03.17,17,29,30,49,63,65
20.03.19,7,11,17,28,29,50
20.03.21,5,13,38,39,52,59
20.05.05,39,43,58,73,83,86
20.05.07,22,35,45,52,57,75
20.05.09,34,45,59,66,70,78
20.05.12,21,38,55,60,65,85
20.05.14,12,17,20,54,61,80
20.05.16,2,7,71,78,84,87
20.05.19,26,41,51,62,66,85
20.05.21,3,21,44,69,73,81
20.05.23,5,15,61,75,82,86
20.05.26,10,23,27,46,68,74
20.05.28,16,29,31,73,76,82
20.05.30,3,27,46,52,70,74
20.06.01,9,28,49,65,76,81
20.06.04,5,16,23,30,40,71
20.06.06,4,21,37,45,50,79
20.06.09,8,14,30,58,71,87
20.06.11,1,7,23,47,68,69
20.06.13,20,42,53,57,62,73
20.06.16,1,11,39,59,68,74
20.06.18,4,6,15,35,67,73
20.06.20,16,29,39,55,63,86
20.06.23,40,44,52,59,66,69
20.06.25,14,35,41,51,84,85
20.06.27,13,33,35,60,78,81
20.06.30,6,7,57,61,79,89
20.07.02,12,33,42,56,78,79
20.07.04,33,38,46,59,65,73
20.07.07,16,24,29,53,73,88
20.07.09,1,10,26,40,64,88
20.07.11,6,10,19,20,40,67
20.07.14,17,35,70,71,74,82
20.07.16,35,39,40,64,67,75
20.07.18,18,33,49,76,80,84
20.07.21,4,34,46,54,55,62
20.07.23,10,29,37,49,56,57
20.07.25,18,30,42,70,78,80
20.07.28,23,45,49,71,80,82
20.07.30,4,15,19,26,28,55
20.08.01,4,14,17,18,26,45
20.08.04,5,19,21,25,45,82
20.08.06,21,37,40,46,69,80
20.08.08,6,16,22,55,58,83
20.08.11,7,9,38,68,78,80
20.08.13,4,5,49,57,66,75
20.08.17,5,9,26,62,77,79
20.08.18,13,22,28,58,65,77
20.08.20,7,17,30,39,41,67
20.08.22,7,12,45,47,73,87
20.08.25,15,24,31,70,83,84
20.08.27,37,49,52,53,75,87
20.08.29,1,3,35,42,55,61
20.09.01,10,22,28,45,48,71
20.09.03,16,17,38,39,68,84
20.09.05,7,14,27,56,72,83
20.09.08,23,27,28,31,69,89
20.09.10,46,48,67,78,80,87
20.09.12,6,15,36,42,67,78
20.09.15,2,9,44,47,52,54
20.09.17,9,29,35,47,53,85
20.09.19,6,12,14,27,39,73
20.09.22,4,15,37,48,55,69
20.09.24,10,13,28,77,86,89
20.09.26,4,16,38,70,86,88
20.09.29,25,33,53,76,81,90
20.10.01,7,31,38,52,61,75
20.10.03,5,17,59,61,70,79
20.10.06,8,55,67,73,74,89
20.10.08,8,35,51,60,63,75
20.10.10,12,15,19,24,46,73
20.10.13,47,56,58,60,79,85
20.10.15,29,38,47,61,68,86
20.10.17,24,28,34,55,62,87
20.10.20,24,29,36,43,50,51
20.10.22,1,16,21,36,37,43
20.10.24,17,19,28,41,49,86
20.10.27,19,26,49,53,55,77
20.10.29,9,32,41,43,44,84
20.10.31,22,31,35,40,65,82
20.11.03,18,39,45,48,53,64
20.11.05,5,10,18,24,69,85
20.11.07,1,2,61,69,70,82
20.11.10,13,34,38,41,76,88
20.11.12,13,35,37,58,60,88
20.11.14,3,30,47,67,68,89
20.11.17,7,18,20,32,45,55
20.11.19,6,13,47,49,69,86
20.11.21,6,24,37,55,76,82
20.11.24,9,15,16,23,57,76
20.11.26,2,9,39,52,67,76
20.11.28,12,29,61,81,87,90
20.12.01,21,30,32,62,78,80
20.12.03,22,33,43,48,87,89
20.12.05,26,32,39,40,57,65
20.12.07,1,6,20,25,70,90
20.12.10,1,6,25,42,75,80
20.12.12,11,14,18,59,64,85
20.12.15,10,16,47,51,80,85
20.12.17,5,9,12,14,26,37
20.12.19,36,39,45,50,62,66
20.12.22,15,16,22,46,51,72
20.12.24,22,25,31,79,87,90
20.12.28,8,25,39,54,59,84
20.12.29,15,22,38,51,60,74
20.12.31,7,14,20,66,68,79
21.01.02,35,37,50,75,77,81
21.01.05,12,19,30,60,71,78
21.01.07,15,33,48,49,56,88
21.01.09,14,16,35,47,58,64
21.01.12,5,19,21,33,61,90
21.01.14,24,50,53,54,62,88
21.01.16,9,26,57,66,81,83
21.01.19,2,27,28,38,43,65
21.01.21,15,17,38,40,45,65
21.01.23,3,19,27,35,63,89
21.01.26,34,39,45,51,60,89
21.01.28,18,29,40,44,46,53
21.01.30,27,35,42,48,56,65
21.02.02,28,41,54,67,78,86
21.02.04,5,19,27,35,40,82
21.02.06,36,49,50,61,66,76
21.02.09,7,8,19,33,40,48
21.02.11,5,34,47,60,69,70
21.02.13,36,39,46,58,63,77
21.02.16,9,19,30,52,61,76
21.02.18,28,52,56,62,66,72
21.02.20,3,18,25,31,65,75
21.02.23,7,37,42,57,59,87
21.02.25,13,26,42,71,72,73
21.02.27,10,37,42,69,72,86
21.03.02,3,32,39,56,77,89
21.03.04,2,4,13,45,51,77
21.03.06,4,36,43,61,72,89
21.03.09,8,15,20,52,54,72
21.03.11,9,31,51,68,84,90
21.03.13,28,29,43,59,70,79
21.03.16,28,43,48,65,84,89
21.03.18,11,38,51,58,62,63
21.03.20,6,10,57,71,74,83
21.03.23,2,11,13,45,66,72
21.03.25,15,28,30,52,75,86
21.03.27,16,19,41,72,78,82
21.03.30,10,25,41,58,78,87
21.04.01,22,37,57,62,83,90
21.04.03,1,39,53,60,75,76
21.04.06,7,27,73,77,78,89
21.04.08,19,29,35,49,66,81
21.04.10,9,27,67,80,87,89
21.04.13,1,36,48,63,68,87
21.04.15,12,33,44,71,72,80
21.04.17,7,20,63,68,74,88
21.04.20,1,32,48,58,68,75
21.04.22,8,11,46,47,72,81
21.04.24,10,20,21,29,34,44
21.04.27,41,49,56,58,60,68
21.04.29,14,62,64,66,76,87
21.05.03,15,18,40,43,57,72
21.05.04,6,43,48,60,75,85
21.05.06,5,28,38,55,79,89
21.05.08,37,38,44,45,60,65
21.05.11,23,30,50,59,60,83
21.05.13,4,13,20,51,69,82
21.05.15,15,36,49,59,60,62
21.05.18,10,11,15,19,47,78
21.05.20,27,31,36,39,46,67
21.05.22,1,7,37,43,63,81
21.05.25,5,39,45,49,59,71
21.05.27,24,38,81,86,88,89
21.05.29,23,31,62,71,74,77
21.06.01,9,21,27,41,45,53
21.06.03,17,27,40,72,86,87
21.06.05,53,73,75,83,84,85
21.06.08,2,9,11,72,76,86
21.06.10,27,37,42,44,76,83
21.06.12,2,9,27,54,69,78
21.06.15,10,14,25,43,54,65
21.06.17,20,33,39,42,43,78
21.06.19,1,3,41,55,84,85
21.06.22,30,51,56,59,65,68
21.06.24,40,43,56,59,63,88
21.06.26,28,39,44,57,61,88
21.06.29,10,30,52,53,66,87
21.07.01,8,11,44,86,88,89
21.07.03,42,45,52,65,70,85
21.07.06,11,15,20,40,69,73
21.07.08,21,24,25,61,73,74
21.07.10,8,13,16,27,32,62
21.07.13,58,68,70,74,76,89
21.07.15,2,25,37,54,57,87
21.07.17,6,37,64,71,85,87
21.07.20,28,34,49,65,79,90
21.07.22,1,6,10,61,63,64
21.07.24,21,25,40,50,71,87
21.07.27,1,6,24,36,82,83
21.07.29,3,14,21,31,84,89
21.07.31,14,22,36,47,59,61
21.08.03,14,55,65,68,78,88
21.08.05,28,37,41,44,52,84
21.08.07,1,7,34,37,45,49
21.08.10,14,16,47,49,53,56
21.08.12,17,55,59,61,62,90
21.08.14,53,64,72,74,87,89
21.08.17,2,3,10,38,64,70
21.08.19,3,4,31,80,81,87
21.08.21,8,19,35,59,86,90
21.08.24,12,27,43,48,63,66
21.08.26,17,21,32,40,55,76
21.08.28,44,54,56,63,76,77
21.08.31,3,5,10,44,76,77
21.09.02,5,15,39,72,76,80
21.09.04,7,60,68,71,79,80
21.09.07,7,20,21,31,67,89
21.09.09,6,58,64,73,76,86
21.09.11,1,30,36,49,75,85
21.09.14,3,14,42,52,69,81
21.09.16,12,16,40,46,47,83
21.09.18,22,56,60,73,76,80
21.09.21,5,6,29,59,68,74
21.09.23,8,21,38,42,49,51
21.09.25,11,19,61,62,75,76
21.09.28,14,18,19,33,34,80
21.09.30,7,32,33,36,45,47
21.10.02,9,19,40,62,67,71
21.10.05,21,40,62,66,73,85
21.10.07,15,18,22,26,66,77
21.10.09,7,9,70,72,77,86
21.10.12,46,53,55,60,64,90
21.10.14,8,14,25,59,60,88
21.10.16,32,41,50,57,67,89
21.10.19,21,28,38,42,66,88
21.10.21,9,10,26,27,77,86
21.10.23,1,11,12,15,20,83
21.10.26,20,24,25,49,57,68
21.10.28,2,25,34,67,73,77
21.10.30,20,31,41,43,48,79
21.11.02,22,27,51,55,77,86
21.11.04,22,25,38,41,61,68
21.11.06,6,21,56,63,81,85
21.11.09,3,6,14,17,54,60
21.11.11,4,23,52,65,79,88
21.11.13,13,40,60,66,73,75
21.11.16,7,17,19,38,66,71
21.11.18,22,24,38,42,44,87
21.11.20,7,48,58,60,86,87
21.11.23,6,17,23,24,43,72
21.11.25,6,45,61,82,84,88
21.11.27,24,30,38,47,48,78
21.11.30,11,34,44,64,75,82
21.12.02,15,24,48,60,70,89
21.12.04,37,43,68,72,76,85
21.12.07,9,12,23,38,59,88
21.12.09,10,48,70,75,79,83
21.12.11,7,17,45,64,76,81
21.12.14,35,59,64,65,68,73
21.12.16,12,35,37,41,75,76
21.12.18,6,31,44,57,73,77
21.12.21,30,49,61,62,79,87
21.12.23,11,15,17,37,54,89
21.12.27,6,10,11,41,61,80
21.12.28,13,19,47,70,77,83
21.12.30,10,20,40,55,68,86
22.01.03,9,47,50,67,73,74
22.01.04,5,18,59,78,81,89
22.01.08,35,42,49,63,68,78
22.01.10,3,25,30,58,66,84
22.01.11,15,22,24,33,38,71
22.01.13,10,34,56,66,78,87
22.01.15,6,19,48,51,73,89
22.01.18,33,34,43,46,49,66
22.01.20,32,33,37,53,77,79
22.01.22,5,13,27,37,50,59
22.01.25,4,13,16,21,23,50
22.01.27,30,53,63,74,83,88
22.01.29,1,23,63,79,82,89
22.02.01,5,10,29,31,47,58
22.02.03,21,26,28,35,65,77
22.02.05,30,39,48,55,76,81
22.02.08,36,38,57,62,64,81
22.02.10,25,35,51,52,58,59
22.02.12,14,22,27,47,68,77
22.02.15,1,9,44,49,60,74
22.02.17,36,48,67,77,85,87
22.02.19,9,13,15,65,74,81
22.02.22,9,15,29,59,64,74
22.02.24,16,28,38,52,69,73
22.02.26,6,24,38,52,84,87
22.03.01,15,44,60,79,81,83
22.03.03,31,33,40,43,47,80
22.03.05,3,9,58,66,68,80
22.03.08,3,15,16,21,31,80
22.03.10,18,34,39,47,52,66
22.03.12,24,32,41,56,76,80
22.03.15,8,22,53,65,75,86
22.03.17,14,52,53,54,55,86
22.03.19,20,41,61,67,73,83
22.03.22,27,30,49,68,74,88
22.03.24,15,35,37,48,62,77
22.03.26,22,38,74,81,84,89
22.03.29,9,32,48,55,68,72
22.03.31,15,43,51,59,64,74
22.04.02,24,35,45,54,65,68
22.04.05,5,21,48,63,83,86
22.04.07,11,20,42,43,51,86
22.04.09,2,22,27,42,52,89
22.04.12,15,27,32,51,74,77
22.04.14,5,8,22,38,50,55
22.04.16,7,21,25,69,76,77
22.04.19,32,41,63,71,76,89
22.04.21,17,32,46,49,77,88
22.04.23,6,18,23,33,57,71
22.04.26,20,44,62,64,67,78
22.04.28,24,61,65,67,71,90
22.04.30,22,25,34,52,72,85
22.05.03,13,24,44,47,66,80
22.05.05,25,31,37,38,77,82
22.05.07,29,41,43,46,51,81
22.05.10,25,37,47,55,73,81
22.05.12,21,26,28,54,80,85
22.05.14,13,19,39,42,73,83
22.05.17,26,29,32,48,65,79
22.05.19,2,9,13,39,40,89
22.05.21,2,20,25,67,78,80
22.05.24,22,24,25,32,46,73
22.05.26,10,14,17,32,45,87
22.05.28,27,42,55,65,84,90
22.05.31,21,34,35,48,63,82
22.06.04,2,35,41,43,65,71
22.06.06,8,22,31,53,59,86
22.06.07,21,31,49,69,77,90
22.06.09,4,12,20,32,56,88
22.06.11,5,8,18,28,33,59
22.06.14,7,34,48,50,53,67
22.06.16,31,54,56,60,66,82
22.06.18,2,12,16,27,74,78
22.06.21,12,16,32,46,60,83
22.06.23,34,37,52,55,56,66
22.06.25,4,30,42,46,58,89
22.06.28,19,32,36,55,71,81
22.06.30,6,9,12,16,32,79
22.07.02,1,5,25,34,38,66
22.07.05,16,17,49,66,82,86
22.07.07,17,24,25,35,66,73
22.07.09,28,31,41,51,70,83
22.07.12,11,56,63,66,68,72
22.07.14,3,11,28,39,65,75
22.07.16,28,29,38,43,62,71
22.07.19,2,17,27,44,78,79
22.07.21,7,14,24,43,44,90
22.07.23,29,32,46,56,66,90
22.07.26,8,31,34,44,56,77
22.07.28,19,20,22,54,72,88
22.07.30,7,25,28,62,80,87
22.08.02,9,25,26,49,68,74
22.08.04,20,23,45,66,83,87
22.08.06,1,21,29,40,42,58
22.08.09,15,25,26,29,38,39
22.08.11,6,32,34,56,58,87
22.08.13,8,49,62,65,83,88
22.08.16,13,19,59,74,81,84
22.08.18,5,25,42,51,71,84
22.08.20,19,28,31,58,77,85
22.08.23,7,44,47,51,52,85
22.08.25,33,41,42,84,86,88
22.08.27,3,5,15,39,45,80
22.08.30,6,11,23,45,57,75
22.09.01,2,5,13,19,54,89
22.09.03,22,25,30,37,44,76
22.09.06,11,13,19,34,49,52
22.09.08,18,26,39,50,71,90
22.09.10,62,66,68,70,75,83
22.09.13,5,9,16,20,23,69
22.09.15,27,34,42,59,72,76
22.09.17,1,10,14,18,42,60
22.09.20,1,38,39,40,50,83
22.09.22,15,30,42,65,75,81
22.09.24,19,26,35,44,49,65
22.09.27,5,22,42,49,62,63
22.09.29,6,35,37,46,59,86
22.10.01,3,11,14,26,67,82
22.10.04,4,9,55,68,80,84
22.10.06,10,20,28,62,70,87
22.10.08,26,33,41,51,80,84
22.10.11,1,33,35,39,46,58
22.10.13,4,20,64,65,69,79
22.10.15,12,26,34,69,74,83
22.10.18,4,5,31,56,57,59
22.10.20,6,8,39,65,67,69
22.10.22,3,28,31,43,53,59
22.10.25,1,19,41,48,68,71
22.10.27,27,28,32,40,49,72
22.10.29,15,32,66,74,79,86
22.10.31,12,17,32,64,81,84
22.11.03,10,15,37,40,43,59
22.11.05,11,18,41,50,63,74
22.11.08,15,31,33,44,46,73
22.11.10,10,16,18,34,39,45
22.11.12,19,32,51,61,71,82
22.11.15,13,21,23,33,48,86
22.11.17,3,6,39,48,52,88
22.11.19,19,30,44,48,58,72
22.11.22,14,22,23,35,41,64
22.11.24,25,58,66,78,81,88
22.11.26,3,8,42,48,61,72
22.11.29,18,33,43,60,61,78
22.12.01,4,13,32,54,56,68
22.12.03,4,37,38,53,73,79
22.12.06,12,21,31,39,70,83
